epoch,train_loss,train_accuracy,val_loss,val_accuracy
0,,,1.935013845231798,0.1638888888888889
1,1.5154880714416503,0.36944444444444446,1.0664539946450127,0.6166666666666667
2,0.6893935214148628,0.7744444444444445,0.36575838459862603,0.9388888888888889
3,0.2874229465590583,0.9205555555555556,0.18675534360938603,0.95
4,0.16579032560189566,0.9522222222222222,0.10991052803066041,0.9805555555555555
5,0.1235872545507219,0.9633333333333334,0.09884765727652443,0.9805555555555555
6,0.09335395921849542,0.9766666666666667,0.11297743684715694,0.9555555555555556
7,0.10274559375312593,0.965,0.056835799912611645,0.9861111111111112
8,0.05927940628594822,0.985,0.04963210125764211,0.9916666666666667
9,0.04458375049961938,0.9911111111111112,0.037399454166491826,0.9916666666666667
10,0.0400953248474333,0.9916666666666667,0.04956102487113741,0.9805555555555555
11,0.04024736491445866,0.9872222222222222,0.03665857315063477,0.9916666666666667
12,0.030632147184676595,0.9911111111111112,0.04661548005210029,0.9861111111111112
